"","x"
"1","0"
"2","https://www.sports-reference.com/cbb/players/lonnie-walker-1.html"
"3","https://www.sports-reference.com/cbb/players/brian-bowen-1.html"
"4","https://www.sports-reference.com/cbb/players/troy-brownjr-1.html"
"5","https://www.sports-reference.com/cbb/players/nick-richards-1.html"
"6","https://www.sports-reference.com/cbb/players/dan-gafford-1.html"
"7","https://www.sports-reference.com/cbb/players/dj-harveyjr-1.html"
"8","https://www.sports-reference.com/cbb/players/deaundre-ballard-1.html"
"9","https://www.sports-reference.com/cbb/players/royce-hamm-1.html"
"10","https://www.sports-reference.com/cbb/players/ikey-obiagu-1.html"
"11","https://www.sports-reference.com/cbb/players/remy-martin-1.html"
"12","https://www.sports-reference.com/cbb/players/jamarko-pickett-1.html"
"13","https://www.sports-reference.com/cbb/players/lavar-batts-1.html"
